Domain,slope_U,slope_V,observed_statistic,p_value,rate_direction_deg
B6,-0.004774250900232345,-0.008626805303837177,0.009859778973622208,0.8843115688431157,-0.4943830331502232
E6,-0.0019016487640565456,-0.017725685093146374,0.017827399699429793,0.5924407559244076,-0.48443343596953753
B7,0.019479798476539585,0.012555413349555884,0.023175438573299966,0.16978302169783022,1.321520505471796
C7,-0.005933701237416215,0.0003428197092683225,0.005943596194895607,0.9442055794420557,-0.21178156945908455
A7,0.01684336181876077,-9.137208143742746e-05,0.016843609655146793,0.4684531546845315,0.8931173097424953
D7,-0.025429022115932325,-0.00974365982866825,0.027231857678634022,0.49735026497350265,-1.5325528006964921
A12,0.03792728820806859,-0.011981715956602981,0.03977487533710965,0.16248375162483752,2.2788792498400876
C4,-0.00587353266665823,0.0002875753958849779,0.005880568475463894,0.9735026497350265,-0.3196766973701339
D4,0.008600287583370489,-0.005823137403800963,0.010386234916475865,0.9143085691430857,0.2741430944014229
A5,-0.03701109459613023,0.00234878927514604,0.0370855488602062,0.023897610238976102,-2.1183437556018254
D5,-0.010077727597455259,0.004670404082935486,0.011107351971843324,0.8611138886111389,-0.2680923439571425
B5,-0.008285640588357134,0.016708830230681423,0.018650384651185202,0.6006399360063993,-0.3897130576810943
C5,-0.006283148656039238,-0.024071168868630637,0.024877683327352258,0.28917108289171084,-1.2460963557049043
C10,-0.03884926758638063,-0.01154529548553328,0.04052850157415741,0.2605739426057394,-2.100684357131084
A10,-0.02861997222394781,0.02241784337778602,0.03635467661540243,0.11478852114788521,-2.021999917839775
B3,0.012625449487018004,-0.008229467112220196,0.015070703490559324,0.7928207179282072,0.7282645150314611
B10,-0.021742799253130003,0.007106831552701304,0.02287479779321298,0.36136386361363865,-1.2473549481709518
C3,-0.03192515016037978,-0.029271285288042834,0.0433130852650419,0.1800819918008199,-2.0798271237646064
A3,0.014461443670572413,-0.020358867972482663,0.024972321841553284,0.5743425657434257,1.250342118153209
B11,0.035218972032319745,-0.003317126169087612,0.03537484016974446,0.14478552144785523,1.9151613966923147
D3,-0.011225256149134,0.018355383956177217,0.021515726708441867,0.7108289171082892,0.08780117909978853
A4,0.0032207551518813244,-0.01410353893119577,0.014466619305564268,0.6702329767023297,0.5720650940983463
A11,0.009983554250229006,0.017589586946608622,0.020225353505429023,0.6579342065793421,-0.12811075340218914
A8,0.012021389981802808,0.018649050874991514,0.022187855138174367,0.29157084291570845,0.8967987274969488
B4,0.00787349276961473,-0.009995807825256466,0.012724309901626643,0.8789121087891211,0.7190128842876717
B8,-0.007086491468416659,-0.011536849762098076,0.013539470586591062,0.7295270472952705,-0.7391865009177682
A1,-0.007517971913914878,0.00974355911949435,0.012306780489368226,0.8673132686731326,0.5565399226890739
C8,0.002490628019875774,-0.028415310992986047,0.028524255060588418,0.30746925307469253,-1.0010363690911428
D8,-0.0019358534110181006,-0.0001732016822951161,0.0019435861832448472,0.9703029697030296,-0.09652612312912931
A9,0.01810876002024333,0.008366414898209346,0.019948034683139652,0.6029397060293971,0.8896431604808205
B1,0.05397233696186232,0.04226602669792353,0.06855238996529876,0.019698030196980302,3.119591284995599
C1,0.004483000251187366,0.014726252931853144,0.015393499168969324,0.7338266173382662,0.8100981335042609
D9,0.04262993221342536,0.034714492994893924,0.0549764235323996,0.039696030396960305,2.9490835075967174
E9,0.0067977302871882915,-0.0101244794679091,0.012194844056135773,0.8842115788421158,-0.18688779136181047
B9,-0.02251298652999028,-0.022686470484509037,0.03196107797844158,0.12908709129087093,-1.8028779875246461
C9,-0.047342587265775296,0.0014492959615502385,0.047364765678737555,0.09579042095790422,-2.012192134773618
C2,-0.022433141750912895,-0.004331931345435234,0.022847570505375742,0.5049495050494951,-1.0803572719833932
D2,0.013414944243735677,0.015816725077468886,0.020739564152574906,0.3604639536046395,1.1829602968183137
A2,0.01851219918963711,0.019407533607055685,0.026820773283889425,0.49105089491050896,0.031234303026427792
B2,-0.03700483286093099,-0.01671609430869524,0.04060523936639989,0.28247175282471754,-1.2991532246780706
C6,-0.0169970542989832,-0.013033681262743999,0.02141907332499208,0.42945705429457054,-1.1286503090188276
D6,-0.0076180211275750035,0.009373843907499261,0.012079039510753333,0.8592140785921408,0.21899498075352822
A6,-0.037710719150588774,0.01151114836214699,0.03942847797556916,0.034396560343965606,-2.0192385467598766
