storm_event,storm_direction
2002-12-31,-46.211997841069056
2003-12-31,-52.71796246627436
2004-12-31,-73.0999167090752
2005-12-31,-13.847245179494877
2006-12-31,74.5790912003672
2007-12-31,-49.49087304157838
2008-12-31,-73.88829690353195
2009-12-31,61.39069584730792
2010-12-31,-53.56130161663151
2011-12-31,-161.92909262841172
2012-12-31,12.03536640336545
2013-12-31,-171.50450014064728
2014-12-31,14.489042224803862
2015-12-31,34.31948549419344
2016-12-31,-23.72491634555423
2017-12-31,50.536776201112566
2018-12-31,62.85034036071833
2019-12-31,48.094642483413274
2020-12-31,95.31806470448642
2021-12-31,-58.32924307789884
2022-12-31,-38.22092912985598
